Warp ID,Name,Client Name,Warehouse Type,Require Appointment,Address,PU Access Code,PU Instructions,PU Note,DO Access Code,DO Instructions,DO Note,Primary Contact Name,Primary Contact Phone,Primary Contact Email,Secondary Contact Name,Secondary Contact Phone,Secondary Contact Email,Organization,Is Warp Crossdock Location,Required Check In,Monday Hours,Tuesday Hours,Wednesday Hours,Thursday Hours,Friday Hours,Saturday Hours,Sunday Hours,Can load/un-load a cargo van?
87410,WTCH-MSP-1,"Back to the Roots, Inc",crossdock,No,"2811 Beverly Dr Suite 100, Eagan, MN, 55121",N/A,The driver needs to check in at the operations door and will be assigned a door from there,N/A,N/A,N/A,N/A,Jacob Fladland,7634394934,jfladland@alexanders.net,Dave Berndt,6512020229,dberndt@alexanders.net,N/A,Yes,Yes,Open 08:00-16:30,Open 08:00-16:30,Open 08:00-16:30,Open 08:00-16:30,Open 08:00-16:30,Closed,Closed,N/A
100980,WTCH-CMH-3,"Warp Cross Dock - Vernon, CA",crossdock,No,"1700 Georgesville Road, Columbus, OH, 43228",N/A,N/A,N/A,N/A,"After entering through entrance gate, have driver check in with warehouse guys through man door to get them In a dock door to be unloaded/loaded. We will provide gate entry codes daily or weekly -",N/A,AJ Campbell,4048617071,acampbell@jbstrucking.com,Chris Terry,6143700014,cterry@jbstrucking.com,N/A,Yes,No,Open 07:00-16:00,Open 07:00-16:00,Open 07:00-16:00,Open 07:00-16:00,Open 07:00-16:00,Closed,Closed,N/A
96791,WTCH-PNS-1,"Warp Cross Dock - Vernon, CA",crossdock,No,"6020 Enterprise Drive, Pensacola, FL, 32505",N/A,N/A,N/A,N/A,N/A,N/A,N/A,N/A,N/A,N/A,N/A,N/A,N/A,No,No,Open - Missed time,Open - Missed time,Open - Missed time,Open - Missed time,Open - Missed time,Open - Missed time,Closed,N/A
96436,WTCH-BWI-2,"Warp Cross Dock - Vernon, CA",crossdock,No,"1321 Mercedes Drive, suite n, Hanover, MD, 21076",N/A,"Pick-up & Delivery Instructions:
 Please email us in advance with the PO number, trucking company name, trailer number, and driver’s phone number.
 All drivers must check in with warehouse staff upon arrival so we can verify identity and assign a dock door.
 A Bill of Lading (BOL) is required for all inbound and outbound shipments.
 We request at least one hour of advance notice before the driver arrives.
 Our loading docks are located at the rear of the facility. If drivers have difficulty locating us, feel free to have them call either contact number listed above.
 For safety, we ask that drivers remain in their trucks while we load or unload.",N/A,N/A,"Pick-up & Delivery Instructions:
 Please email us in advance with the PO number, trucking company name, trailer number, and driver’s phone number.
 All drivers must check in with warehouse staff upon arrival so we can verify identity and assign a dock door.
 A Bill of Lading (BOL) is required for all inbound and outbound shipments.
 We request at least one hour of advance notice before the driver arrives.
 Our loading docks are located at the rear of the facility. If drivers have difficulty locating us, feel free to have them call either contact number listed above.
 For safety, we ask that drivers remain in their trucks while we load or unload.",N/A,Antonio Rea,4433128036,info@cdscrossdock.com,Jose Llerena,4434106342,josellerena@cdscrossdock.com,N/A,Yes,No,Open 07:00-16:30,Open 07:00-16:30,Open 07:00-16:30,Open 07:00-16:30,Open 07:00-16:30,Closed,Closed,N/A
93989,WTCH-OAK-2,"Warp Cross Dock - Vernon, CA",crossdock,No,"32001 Dowe Avenue, Union City, CA, 94587",N/A,"Say you're picking up return crates for WARP when you arrive, PLEASE DO NO SHOW UP BEFORE PICKUP WINDOW",N/A,N/A,Say you're picking up for WARP when you arrive. Won't be able to unload before delivery window,N/A,Berenice Ayala,5106144183,berenice.ayala@goarmstrong.com,Jason Bravo,5106144183,jason.bravo@goarmstrong.com,N/A,No,No,Open 08:00-17:00,Open 08:00-17:00,Open 08:00-17:00,Open 08:00-17:00,Open 08:00-17:00,Closed,Closed,N/A
91318,WTCH-OKC-2,"Warp Cross Dock - Vernon, CA",crossdock,No,"1700 South Eastern Avenue, Oklahoma City, OK, 73129",N/A,N/A,N/A,N/A,N/A,N/A,Melanie Killman,4052550581,Melaniek@aceatlas.com,N/A,N/A,N/A,N/A,No,No,Open 08:00-17:00,Open 08:00-17:00,Open 08:00-17:00,Open 08:00-17:00,Open 08:00-17:00,Closed,Closed,N/A
90382,ACCL-MFE,"Warp Cross Dock - Vernon, CA",crossdock,No,"901 East Military Highway, Pharr, TX, 78577",N/A,Must give them the ACCL Control#,N/A,N/A,You will be asked to fill out a label for each pallet you are dropping off. Please put the ACCL # located in the ref # for the shipment in your app. Make sure shipper paperwork is given to the dock. It is imperative that these pallets are labeled correctly so that they reach the proper destination. Please ask staff at dock if you have any questions.,N/A,Operations,N/A,MFE@AcceleratedUSA.com,N/A,N/A,N/A,N/A,Yes,No,Open - Missed time,Open - Missed time,Open - Missed time,Open - Missed time,Open - Missed time,Open - Missed time,Closed,N/A
90381,ACCL-LRD,"Warp Cross Dock - Vernon, CA",crossdock,No,"14109 Atlanta Drive, Laredo, TX, 78045",N/A,Must give them the ACCL Control#,N/A,N/A,You will be asked to fill out a label for each pallet you are dropping off. Please put the ACCL # located in the ref # for the shipment in your app. Make sure shipper paperwork is given to the dock. It is imperative that these pallets are labeled correctly so that they reach the proper destination. Please ask staff at dock if you have any questions.,N/A,Operations,N/A,LRD@AcceleratedUSA.com,N/A,N/A,N/A,N/A,Yes,No,Open - Missed time,Open - Missed time,Open - Missed time,Open - Missed time,Open - Missed time,Open - Missed time,Closed,N/A
89919,ACCL-TYS,"Warp Cross Dock - Vernon, CA",crossdock,No,"3267 Northpark Boulevard, Alcoa, TN, 37701",N/A,Must ask for the ACCL Control#,N/A,N/A,You will be asked to fill out a label for each pallet you are dropping off. Please put the ACCL # located in the ref # for the shipment in your app. Make sure shipper paperwork is given to the dock. It is imperative that these pallets are labeled correctly so that they reach the proper destination. Please ask staff at dock if you have any questions.,N/A,N/A,N/A,N/A,N/A,N/A,N/A,N/A,Yes,No,Open - Missed time,Open - Missed time,Open - Missed time,Open - Missed time,Open - Missed time,Open - Missed time,Closed,N/A
89918,ACCL-MKE,"Warp Cross Dock - Vernon, CA",crossdock,No,"5975 South Howell Avenue, Milwaukee, WI, 53207",N/A,Must ask for the ACCL Control#,N/A,N/A,You will be asked to fill out a label for each pallet you are dropping off. Please put the ACCL # located in the ref # for the shipment in your app. Make sure shipper paperwork is given to the dock. It is imperative that these pallets are labeled correctly so that they reach the proper destination. Please ask staff at dock if you have any questions.,Cut off for linehaul 13:30 PM,N/A,N/A,N/A,N/A,N/A,N/A,N/A,Yes,No,Open 08:00-18:00,Open 08:00-18:00,Open 08:00-18:00,Open 08:00-18:00,Open 08:00-18:00,Closed,Closed,N/A
89917,ACCL-DAY,"Warp Cross Dock - Vernon, CA",crossdock,No,"2619 Needmore Road, Dayton, OH, 45414",N/A,Must Ask for ACCL Control#,N/A,N/A,You will be asked to fill out a label for each pallet you are dropping off. Please put the ACCL # located in the ref # for the shipment in your app. Make sure shipper paperwork is given to the dock. It is imperative that these pallets are labeled correctly so that they reach the proper destination. Please ask staff at dock if you have any questions.,N/A,DAY@AcceleratedUSA.com,9372976182,N/A,N/A,N/A,N/A,N/A,Yes,No,Open - Missed time,Open - Missed time,Open - Missed time,Open - Missed time,Open - Missed time,Open - Missed time,Closed,N/A
89915,ACCL-CHA,"Warp Cross Dock - Vernon, CA",crossdock,No,"225 1st Street, Fort Oglethorpe, GA, 30742",N/A,"You're REQUIRED to fill out a label for every pallet you're dropping off here. If not labeled or labeled incorrectly to where it gets sent to the wrong destination, your rate will be adjusted for mis-delivery. Please make sure to upload a photo OF THE PALLET and provide them with the paperwork. Ask the staff if you have any questions",N/A,N/A,"You're REQUIRED to fill out a label for every pallet you're dropping off here. If not labeled or labeled incorrectly to where it gets sent to the wrong destination, your rate will be adjusted for mis-delivery. Please make sure to upload a photo OF THE PALLET and provide them with the paperwork. Ask the staff if you have any questions.","Same Day Linehaul Cutoff: 2pm
 Drop Off Cut Off Time: 4pm",Kevin Meyer,7068611001,HSV@AcceleratedUSA.com,N/A,N/A,N/A,N/A,Yes,No,Open 08:00-18:00,Open 08:00-18:00,Open 08:00-18:00,Open 08:00-18:00,Open 08:00-18:00,Closed,Closed,N/A
89011,WTCH-LAX-9,"Warp Cross Dock - Vernon, CA
 eShipping
 Food Service Direct
 Parsel, Inc",crossdock,No,"1305 Wholesale Street, Los Angeles, CA, 90021",N/A,N/A,N/A,N/A,N/A,N/A,Amaury Gitzner,3236985350,a.gitzner@wearewarp.com,Kevin,7472384042,k.barnes@wearewarp.com,N/A,Yes,No,Open 03:30-18:30,Open 03:30-18:30,Open 03:30-18:30,Open 03:30-18:30,Open 03:30-18:30,Open 05:00-18:00,Open 08:00-18:00,N/A
82264,WTCH-HNL-1,"Warp Cross Dock - Vernon, CA",crossdock,No,"119 Kaulele Place, Honolulu, HI, 96819",N/A,N/A,N/A,N/A,N/A,N/A,Erika,8087990544,ErikaC@islandmovers.com,Jason,8085201033,jasonm@islandmovers.com,N/A,No,No,Open 07:00-15:00,Open 07:00-15:00,Open 07:00-15:00,Open 07:00-15:00,Open 07:00-15:00,Closed,Closed,N/A
82259,WTCH-DFW-4,"Warp Cross Dock - Vernon, CA",crossdock,No,"3100 Roy Orr Boulevard, suite 100, Grand Prairie, TX, 75050",N/A,"Box Trucks please wait to be loaded. Facility may be closed upon arrival. Please contact Vidal at (480) 875-5205 If there is no answer, please don't leave & contact WARP dispatch. Phone numbers also on the outside of the building.",N/A,N/A,"Please contact Vidal at (480) 875-5205 If there is no answer, please don't leave & contact WARP dispatch. Phone numbers also on the outside of the building.",N/A,Slobo,6023775175,slobo@cosiclogistics.com,Vidal,4808755205,vidal@cosiclogistics.com,N/A,No,No,Open 07:00-16:00,Open 07:00-16:00,Open 07:00-16:00,Open 07:00-16:00,Open 07:00-16:00,Closed,Closed,N/A
80637,ACCL-CVG,"Warp Cross Dock - Vernon, CA",crossdock,No,"1825 Airport Exchange Boulevard, Erlanger, KY, 41018",N/A,"STE 200, You're REQUIRED to fill out a label for every pallet you're dropping off here. If not labeled or labeled incorrectly to where it gets sent to the wrong destination, your rate will be adjusted for mis-delivery. Please make sure to upload a photo OF THE PALLET and provide them with the paperwork. Ask the staff if you have any questions.",N/A,N/A,"STE 200, You're REQUIRED to fill out a label for every pallet you're dropping off here. If not labeled or labeled incorrectly to where it gets sent to the wrong destination, your rate will be adjusted for mis-delivery. Please make sure to upload a photo OF THE PALLET and provide them with the paperwork. Ask the staff if you have any questions.","Same Day Linehaul Cutoff: 12pm
 Drop Off Cut Off Time: 7pm",Rick Webster,8592823200,cvg@acceleratedusa.com,N/A,N/A,N/A,N/A,Yes,No,Open 07:00-21:00,Open 07:00-21:00,Open 07:00-21:00,Open 07:00-21:00,Open 07:00-21:00,Closed,Closed,Yes
80636,ACCL-SDF,"Warp Cross Dock - Vernon, CA",crossdock,No,"7635 National Turnpike, Louisville, KY, 40214",N/A,#190,N/A,N/A,N/A,cut off time 6PM,Terminal Manager,5023843026,sdf@acceleratedusa.com,N/A,N/A,N/A,N/A,Yes,No,Open 08:00-18:00,Open 08:00-18:00,Open 08:00-18:00,Open 08:00-18:00,Open 08:00-18:00,Closed,Closed,N/A
80635,ACCL-GSO,"Warp Cross Dock - Vernon, CA",crossdock,No,"532 North Regional Road, Greensboro, NC, 27409",N/A,Find Door 532 B. You will be asked to fill out a label for each pallet you are dropping off. Pallets MUST be labeled correctly so that they reach the proper destination. Please put the Control # located in the ref field for the shipment on the BOL or on your app. Make sure shipper paperwork is given to the dock. Please ask staff at dock if you have any questions.,N/A,N/A,You will be asked to fill out a label for each pallet you are dropping off. Pallets MUST be labeled correctly so that they reach the proper destination. Please put the Control # located in the ref field for the shipment on the BOL or on your app. Make sure shipper paperwork is given to the dock. Please ask staff at dock if you have any questions.,N/A,Main,7043570990,info@deloatchtrans.com,Jon Schwerdtfeger,N/A,jon@acceleratedusa.com,N/A,Yes,No,Open 09:30-17:00,Open 09:30-17:00,Open 09:30-17:00,Open 09:30-17:00,Open 09:30-17:00,Closed,Closed,N/A
80634,ACCL-GSP,"Warp Cross Dock - Vernon, CA
 GLT Logistics",crossdock,No,"10395 East Greenville Highway, Wellford, SC, 29385",N/A,Ask for the Control #,N/A,N/A,You will be asked to fill out a label for each pallet you are dropping off. Please put the ACCL # located in the ref # for the shipment in your app. Make sure shipper paperwork is given to the dock. It is imperative that these pallets are labeled correctly so that they reach the proper destination. Please ask staff at dock if you have any questions.,N/A,Jon Schwerdtfeger,7043570990,clt@acceleratedusa.com,N/A,N/A,N/A,N/A,Yes,No,Open 08:00-19:00,Open 08:00-19:00,Open 08:00-19:00,Open 08:00-19:00,Open 08:00-19:00,Closed,Closed,N/A
80633,ACCL-BHM,"Warp Cross Dock - Vernon, CA",crossdock,No,"1531 Red Hollow Road, Birmingham, AL, 35215",N/A,"You're REQUIRED to fill out a label for every pallet you're dropping off here. If not labeled or labeled incorrectly to where it gets sent to the wrong destination, your rate will be adjusted for mis-delivery. Please make sure to upload a photo OF THE PALLET and provide them with the paperwork. Ask the staff if you have ANY questions.",N/A,N/A,"You're REQUIRED to fill out a label for every pallet you're dropping off here. If not labeled or labeled incorrectly to where it gets sent to the wrong destination, your rate will be adjusted for mis-delivery. Please make sure to upload a photo OF THE PALLET and provide them with the paperwork. Ask the staff if you have ANY questions.","Same Day Linehaul Cutoff: 4pm
 Drop Off Cut Off Time: 6pm",Kevin Meyer,2564648717,bhm@acceleratedusa.com,N/A,N/A,N/A,N/A,Yes,No,Open 07:00-19:00,Open 07:00-19:00,Open 07:00-19:00,Open 07:00-19:00,Open 07:00-19:00,Closed,Closed,N/A
80632,ACCL-HSV,"Warp Cross Dock - Vernon, CA",crossdock,No,"9310 Madison Boulevard, Madison, AL, 35758",N/A,Ask for the Control #,N/A,N/A,You will be asked to fill out a label for each pallet you are dropping off. Please put the ACCL # located in the ref # for the shipment in your app. Make sure shipper paperwork is given to the dock. It is imperative that these pallets are labeled correctly so that they reach the proper destination. Please ask staff at dock if you have any questions.,N/A,Allen Chenoweth,6153670949,hsv@acceleratedusa.com,N/A,N/A,N/A,N/A,Yes,No,Open 08:00-18:00,Open 08:00-18:00,Open 08:00-18:00,Open 08:00-18:00,Open 08:00-18:00,Closed,Closed,N/A
80631,ACCL-BNA,"Warp Cross Dock - Vernon, CA",crossdock,No,"515 Airpark Center Drive, Nashville, TN, 37217",N/A,"You're REQUIRED to fill out a label for every pallet you're dropping off here. If not labeled or labeled incorrectly to where it gets sent to the wrong destination, your rate will be adjusted for mis-delivery. Please make sure to upload a photo OF THE PALLET and provide them with the paperwork. Ask the staff if you have ANY questions.",N/A,N/A,"You're REQUIRED to fill out a label for every pallet you're dropping off here. If not labeled or labeled incorrectly to where it gets sent to the wrong destination, your rate will be adjusted for mis-delivery. Please make sure to upload a photo OF THE PALLET and provide them with the paperwork. Ask the staff if you have ANY questions.","Same Day Linehaul Cutoff: 12pm
 Drop Off Cut Off Time: 8pm",Bobby Burton,6153670949,BNA@acceleratedusa.com,N/A,N/A,N/A,N/A,Yes,No,Open 08:00-20:00,Open 08:00-20:00,Open 08:00-20:00,Open 08:00-20:00,Open 08:00-20:00,Open 09:00-15:00,Closed,N/A
80630,ACCL-MEM,"Warp Cross Dock - Vernon, CA
 GLT Logistics",crossdock,No,"5280 Meltech Boulevard, Memphis, TN, 38118",N/A,"Ste 116, ask for the Control #
 Warp Cross Dock - Vernon, CA: Ste 116, ask for the Control #
 

 GLT Logistics: Ste 116, ask for the Control #",N/A,N/A,"You will be asked to fill out a label for each pallet you are dropping off. Please put the ACCL # located in the ref # for the shipment in your app. Make sure shipper paperwork is given to the dock. It is imperative that these pallets are labeled correctly so that they reach the proper destination. Please ask staff at dock if you have any questions.
 Warp Cross Dock - Vernon, CA: You will be asked to fill out a label for each pallet you are dropping off. Please put the ACCL # located in the ref # for the shipment in your app. Make sure shipper paperwork is given to the dock. It is imperative that these pallets are labeled correctly so that they reach the proper destination. Please ask staff at dock if you have any questions.
 

 GLT Logistics: You will be asked to fill out a label for each pallet you are dropping off. Please put the ACCL # located in the ref # for the shipment in your app. Make sure shipper paperwork is given to the dock. It is imperative that these pallets are labeled correctly so that they reach the proper destination. Please ask staff at dock if you have any questions.",N/A,Jeremy Ramsey,9013969555,oceanmem@acceleratedusa.com,N/A,N/A,N/A,N/A,Yes,No,Open 08:00-21:00,Open 08:00-21:00,Open 08:00-21:00,Open 08:00-21:00,Open 08:00-21:00,Closed,Closed,N/A
80629,ACCL-ELP,"Warp Cross Dock - Vernon, CA",crossdock,No,"13490 Pellicano Drive, El Paso, TX, 79928",N/A,STE B. You will be asked to fill out a label for each pallet you are dropping off. Pallets MUST be labeled correctly so that they reach the proper destination. Please put the Control # located in the ref field for the shipment on the BOL or on your app. Make sure shipper paperwork is given to the dock. Please ask staff at dock if you have any questions.,N/A,N/A,You will be asked to fill out a label for each pallet you are dropping off. Pallets MUST be labeled correctly so that they reach the proper destination. Please put the Control # located in the ref field for the shipment on the BOL or on your app. Make sure shipper paperwork is given to the dock. Please ask staff at dock if you have any questions.,N/A,Roger Saucedo,8432789563,elp@acceleratedusa.com,N/A,N/A,N/A,N/A,Yes,No,Open 08:00-17:00,Open 08:00-17:00,Open 08:00-17:00,Open 08:00-17:00,Open 08:00-17:00,Closed,Closed,N/A
80628,ACCL-MSP,"Warp Cross Dock - Vernon, CA",crossdock,No,"3025 Lunar Lane, Eagan, MN, 55121",N/A,Ste 400,N/A,N/A,N/A,Linehaul cut off time 6PM,Travis Nelson,9528887888,msp@acceleratedusa.com,N/A,N/A,N/A,N/A,Yes,No,Open 08:00-18:00,Open 08:00-18:00,Open 08:00-18:00,Open 08:00-18:00,Open 08:00-18:00,Closed,Closed,N/A
77655,WTCH-ATL-4,"Warp Cross Dock - Vernon, CA",crossdock,No,"610 Waterfront Drive Southwest, Atlanta, GA, 30336",N/A,N/A,N/A,N/A,N/A,N/A,N/A,N/A,N/A,N/A,N/A,N/A,N/A,No,No,Open 09:00-16:00,Open 09:00-16:00,Open 09:00-16:00,Open 09:00-16:00,Open 09:00-16:00,Closed,Closed,N/A
74688,WTCH-DCA-1,"Warp Cross Dock - Vernon, CA",crossdock,No,"9610 Gunston Cove Road, suite b1, Lorton, VA, 22079",N/A,N/A,N/A,N/A,N/A,N/A,Marcus Kelly,7036872477,mkelly@rcsmoving.com,Anthony Holmes,N/A,aholmes@rcsmoving.com,N/A,No,No,Open 08:00-15:00,Open 08:00-15:00,Open 08:00-15:00,Open 08:00-15:00,Open 08:00-15:00,Closed,Closed,N/A
70380,WTCH-EWR-3,"Warp Cross Dock - Vernon, CA",crossdock,No,"25a Cotters Lane, East Brunswick, NJ, 08816",N/A,Ring The Door Bell And Sign In. The BOL needs to be printed beforehand.,"Any drop-off after 4:30PM can call this phone#
 (800)-376-2808",N/A,Ring The Door Bell And Sign In,N/A,Sam Perez,7326300003,operations@rapidships.com,Anthony Gomez,8003762808,agomez@rapidships.com,N/A,No,No,Open 07:00-15:30,Open 07:00-15:30,Open 07:00-15:30,Open 07:00-15:30,Open 07:00-15:30,Closed,Closed,N/A
68343,WTCH-SFO-1,"Warp Cross Dock - Vernon, CA",crossdock,No,"2071 Ringwood Avenue, suite d, San Jose, CA, 95131",N/A,"DRIVERS MUST PROVIDE THEIR OWN BOLs. Outbound routes will not be deployed before 5:15am. Please park in the large lot on the right, walk up to the front door, & ring the bell to check in. CLOSES AT 16:00.","M-F 8am - 4pm, closed for lunch noon-1pm. All other activity by appointment.",N/A,"Park in the large lot on the right side, enter the front door that says Piedmont Moving, & ring the bell for assistance. Open Mon-Fri @5:30-16:00 and Sat @05:30-07:30.","M-F 8am - 4pm, closed for lunch noon-1pm. All other activity by appointment.
 

 Typically require a delivery appointment.",Tony Sierra (Primary),4087599089,dispatch2@piedmontmoving.com,Adela Rico,4087105410,Adela@piedmontmoving.com,N/A,No,No,Open 05:30-16:00,Open 05:30-16:00,Open 05:30-16:00,Open 05:30-16:00,Open 05:30-16:00,Open 05:30-07:30,Closed,Yes
65459,WTCH-LAS-2,"Warp Cross Dock - Vernon, CA",crossdock,No,"7215 Bermuda Road, Las Vegas, NV, 89119",N/A,"The driver should check-in and ask for the Point of Contact (POC).
 

 The driver must provide the Bill of Lading (BOL) to the POC.
 

 The driver will wait for confirmation and further instructions.",N/A,N/A,The driver should check-in and ask for the POC then provide the BOL & wait while they're loaded,N/A,Christopher Simpson,5106779146,cs@jandamg.com,Mellody Abrego,7027559380,mellody@jandamg.com,N/A,No,No,Open 07:00-16:00,Open 07:00-16:00,Open 05:00-16:00,Open 07:00-16:00,Open 07:00-16:00,Closed,Closed,N/A
61323,WTCH-SMF-1,"Warp Cross Dock - Vernon, CA",crossdock,No,"1627 Main Avenue, Sacramento, CA, 95838",N/A,N/A,N/A,N/A,N/A,N/A,Tim,9168337489,xd@tfssac.com,Receiving Office,9164000227,N/A,N/A,No,No,Open 07:00-19:00,Open 07:00-19:00,Open 07:00-19:00,Open 07:00-19:00,Open 07:00-19:00,Closed,Closed,N/A
61160,WTCH-OKC-1,"Warp Cross Dock - Vernon, CA",crossdock,No,"1923 South Pennsylvania Avenue, Oklahoma City, OK, 73108",N/A,N/A,N/A,N/A,N/A,N/A,Angela Kuykendall,4054410001,akuykendall@transloadandlogistics.com,Jim Berry,4054747876,jberry@transloadandlogistics.com,N/A,Yes,No,Open 00:00-23:59,Open 00:00-23:59,Open 00:00-23:59,Open 00:00-23:59,Open 00:00-23:59,Open 00:00-23:59,Open 00:00-23:59,N/A
60967,ACCL-ORD,"Warp Cross Dock - Vernon, CA",crossdock,No,"614 Supreme Drive, Bensenville, IL, 60106",N/A,"You're REQUIRED to fill out a label for every pallet you're dropping off here. If not labeled or labeled incorrectly to where it gets sent to the wrong destination, your rate will be adjusted for mis-delivery. Please make sure to upload a photo OF THE PALLET and provide them with paperwork. Ask the staff if you have ANY questions.",N/A,N/A,N/A,Drop Off Cut Off Time: 6pm,Chris Long,6306168925,ORD@ACCELERATEDUSA.COM,N/A,N/A,N/A,N/A,Yes,No,Open 07:30-20:00,Open 07:30-20:00,Open 07:30-20:00,Open 07:30-20:00,Open 07:30-20:00,Open 07:30-23:00,Open 07:30-23:00,N/A
59948,ACCL-TPA,"Priority1
 Warp Cross Dock - Vernon, CA",crossdock,No,"4912 West Knox Street, ste 100, Tampa, FL, 33634",N/A,N/A,N/A,N/A,You will be asked to fill out a label for each pallet you are dropping off. Please put the ACCL # located in the ref # for the shipment in your app. Make sure shipper paperwork is given to the dock. It is imperative that these pallets are labeled correctly so that they reach the proper destination. Please ask staff at dock if you have any questions.,Drop Off Cut Off Time: 7pm,Ruben Munoz,8138843446,TPA@ACCELERATEDUSA.COM,N/A,N/A,N/A,N/A,No,No,Open 07:00-19:00,Open 07:00-19:00,Open 07:00-19:00,Open 07:00-19:00,Open 07:00-19:00,Closed,Closed,N/A
59947,ACCL-SFO,"Worldwide Express
 Warp Cross Dock - Vernon, CA
 Logistics Freight Solutions Inc dba Primo",crossdock,No,"499 Valley Drive, Brisbane, CA, 94005",N/A,N/A,N/A,N/A,You will be asked to fill out a label for each pallet you are dropping off. Please put the ACCL # located in the ref # for the shipment in your app. Make sure shipper paperwork is given to the dock. It is imperative that these pallets are labeled correctly so that they reach the proper destination. Please ask staff at dock if you have any questions.,N/A,Terminal Manager,4159525918,SFO@ACCELERATEDUSA.COM,N/A,N/A,N/A,N/A,No,No,Open 08:00-22:00,Open 08:00-22:00,Open 08:00-22:00,Open 08:00-22:00,Open 08:00-22:00,Open 08:00-12:00,Closed,N/A
59946,ACCL-SAT,"Warp Cross Dock - Vernon, CA",crossdock,No,"6417 Tri County Parkway, STE 100, Schertz, TX, 78154",N/A,N/A,N/A,N/A,You will be asked to fill out a label for each pallet you are dropping off. Please put the ACCL # located in the ref # for the shipment in your app. Make sure shipper paperwork is given to the dock. It is imperative that these pallets are labeled correctly so that they reach the proper destination. Please ask staff at dock if you have any questions.,N/A,SAT,2109674512,SAT@ACCELERATEDUSA.COM,N/A,N/A,N/A,N/A,No,No,Open 08:00-22:00,Open 08:00-22:00,Open 08:00-22:00,Open 08:00-22:00,Open 08:00-22:00,Open 08:00-12:00,Closed,N/A
59945,ACCL-RDU,"Warp Cross Dock - Vernon, CA",crossdock,No,"2800 Perimeter Park Drive, ste a, Morrisville, NC, 27560",N/A,You will be asked to fill out a label for each pallet you are dropping off. Pallets MUST be labeled correctly so that they reach the proper destination. Please put the Control # located in the ref field for the shipment on the BOL or on your app. Make sure shipper paperwork is given to the dock. Please ask staff at dock if you have any questions.,N/A,N/A,You will be asked to fill out a label for each pallet you are dropping off. Pallets MUST be labeled correctly so that they reach the proper destination. Please put the Control # located in the ref field for the shipment on the BOL or on your app. Make sure shipper paperwork is given to the dock. Please ask staff at dock if you have any questions.,Drop Off Cut Off Time: 7pm,Mike Logan,9194660720,RDU@ACCELERATEDUSA.COM,N/A,N/A,N/A,N/A,No,No,Open 08:00-18:30,Open 08:00-18:30,Open 08:00-18:30,Open 08:00-18:30,Open 08:00-18:30,Closed,Closed,N/A
59944,ACCL-PHX,"Warp Cross Dock - Vernon, CA",crossdock,No,"4010 South 21st Street, Phoenix, AZ, 85040",N/A,N/A,N/A,N/A,You will be asked to fill out a label for each pallet you are dropping off. Please put the ACCL # located in the ref # for the shipment in your app. Make sure shipper paperwork is given to the dock. It is imperative that these pallets are labeled correctly so that they reach the proper destination. Please ask staff at dock if you have any questions.,N/A,Terminal Manager,6022671946,PHX@ACCELERATEDUSA.COM,N/A,N/A,N/A,N/A,No,No,Open 10:00-18:00,Open 10:00-18:00,Open 10:00-18:00,Open 10:00-18:00,Open 10:00-18:00,Open 10:00-18:00,Closed,N/A
59943,ACCL-PHL,"Warp Cross Dock - Vernon, CA",crossdock,No,"113 Darby Commons Court, Folcroft, PA, 19032",N/A,N/A,N/A,N/A,You will be asked to fill out a label for each pallet you are dropping off. Please put the ACCL # located in the ref # for the shipment in your app. Make sure shipper paperwork is given to the dock. It is imperative that these pallets are labeled correctly so that they reach the proper destination. Please ask staff at dock if you have any questions.,N/A,Terminal Manager,6105371190,PHL@ACCELERATEDUSA.COM,N/A,N/A,N/A,N/A,No,No,Open 09:00-20:00,Open 09:00-20:00,Open 09:00-20:00,Open 09:00-20:00,Open 09:00-20:00,Closed,Closed,N/A
59942,ACCL-MIA,"Warp Cross Dock - Vernon, CA",crossdock,No,"8501 Northwest 17th Street, ste 101, Doral, FL, 33126",N/A,Ask for the shipment by the control # listed on the BOL or in your app,N/A,N/A,Suite 101// You will be asked to fill out a label for each pallet you are dropping off. Please put the ACCL # located in the ref # for the shipment in your app. Make sure shipper paperwork is given to the dock. It is imperative that these pallets are labeled correctly so that they reach the proper destination. Please ask staff at dock if you have any questions.,N/A,Ruben Munoz,7865302041,cei-acc@cargoexpressintl.us,Ivette Escobar,3055935132,ivette@cargoexpressintl.us,N/A,No,No,Open 08:00-17:30,Open 08:00-17:30,Open 08:00-17:30,Open 08:00-17:30,Open 08:00-17:30,Closed,Closed,N/A
59941,ACCL-MCO,"Warp Cross Dock - Vernon, CA",crossdock,No,"2115 Viscount Row, Orlando, FL, 32809",N/A,N/A,N/A,N/A,"You're REQUIRED to fill out a label for every pallet you're dropping off. If not labeled or labeled incorrectly to where it gets sent to the wrong destination, your rate will be adjusted for mis-delivery. Please make sure to upload a photo OF THE PALLET and provide them with paperwork. Ask the staff if you have ANY questions.",Drop Off Cut Off Time: 8 pm,Luis Santiago,4078569029,MCO@ACCELERATEDUSA.COM,N/A,N/A,N/A,N/A,No,No,Open 08:00-20:00,Open 08:00-20:00,Open 08:00-20:00,Open 08:00-20:00,Open 08:00-20:00,Closed,Closed,N/A
59940,ACCL-LAX,"Warp Cross Dock - Vernon, CA",crossdock,No,"1555 Walnut Park Way, Compton, CA, 90220",N/A,"You're REQUIRED to fill out a label for every pallet you're dropping off here. If not labeled or labeled incorrectly to where it gets sent to the wrong destination, your rate will be adjusted for mis-delivery. Please make sure to upload a photo OF THE PALLET and provide them with paperwork. Ask the staff if you have ANY questions.",N/A,N/A,You will be asked to fill out a label for each pallet you are dropping off. Please put the ACCL # located in the ref # for the shipment in your app. Make sure shipper paperwork is given to the dock. It is imperative that these pallets are labeled correctly so that they reach the proper destination. Please ask staff at dock if you have any questions.,N/A,Meaza,3106091845,LAX@ACCELERATEDUSA.COM,N/A,N/A,N/A,N/A,No,No,Open 08:00-18:00,Open 08:00-18:00,Open 08:00-18:00,Open 08:00-18:00,Open 08:00-18:00,Open 08:00-18:00,Open 08:00-18:00,N/A
59896,ACCL-IND,"Warp Cross Dock - Vernon, CA",crossdock,No,"5777 Decatur Boulevard, ste 200, Indianapolis, IN, 46241",N/A,N/A,Drop Off Cut Off Time: 8pm,N/A,You will be asked to fill out a label for each pallet you are dropping off. Please put the ACCL # located in the ref # for the shipment in your app. Make sure shipper paperwork is given to the dock. It is imperative that these pallets are labeled correctly so that they reach the proper destination. Please ask staff at dock if you have any questions.,N/A,Jeff West,3178304000,IND@ACCELERATEDUSA.COM,N/A,N/A,N/A,N/A,No,No,Open 08:00-20:00,Open 08:00-20:00,Open 08:00-20:00,Open 08:00-20:00,Open 08:00-20:00,Closed,Closed,N/A
59895,ACCL-IAH,"Warp Cross Dock - Vernon, CA",crossdock,No,"2928b Greens Road, ste 550, Houston, TX, 77032",N/A,You will be asked to fill out a label for each pallet you are dropping off. Please put the ACCL # located in the ref # for the shipment in your app. Make sure shipper paperwork is given to the dock. It is imperative that these pallets are labeled correctly so that they reach the proper destination. Please ask staff at dock if you have any questions.,Drop Off Cut Off Time: 8pm,N/A,"You're REQUIRED to fill out a label for every pallet you're dropping off here. If not labeled or labeled incorrectly to where it gets sent to the wrong destination, your rate will be adjusted for mis-delivery. Please make sure to upload a photo OF THE PALLET and provide them with paperwork. Ask the staff if you have ANY questions.",N/A,Manny and Brian,2813720994,IAH@ACCELERATEDUSA.COM,N/A,N/A,N/A,N/A,No,No,Open 08:00-20:00,Open 08:00-20:00,Open 08:00-20:00,Open 08:00-20:00,Open 08:00-20:00,Open 08:00-12:00,Closed,N/A
59894,ACCL-IAD,"Warp Cross Dock - Vernon, CA",crossdock,No,"45095 Old Ox Road, ste 120, Sterling, VA, 20166",N/A,N/A,N/A,N/A,You will be asked to fill out a label for each pallet you are dropping off. Please put the ACCL # located in the ref # for the shipment in your app. Make sure shipper paperwork is given to the dock. It is imperative that these pallets are labeled correctly so that they reach the proper destination. Please ask staff at dock if you have any questions.,DO cut off time M-F 6pm / Sat 3pm/ Sun 6pm,Oscar Batres,7034378880,IAD@ACCELERATEDUSA.COM,N/A,N/A,N/A,N/A,No,No,Open 08:00-20:00,Open 08:00-20:00,Open 08:00-20:00,Open 08:00-20:00,Open 08:00-20:00,Open 08:00-15:00,Open 08:00-21:00,N/A
59893,ACCL-EWR,"Warp Cross Dock - Vernon, CA",crossdock,No,"333 1st Street, Elizabeth, NJ, 07206",N/A,You will be asked to fill out a label for each pallet you are dropping off. Pallets MUST be labeled correctly so that they reach the proper destination. Please put the Control # located in the ref field for the shipment on the BOL or on your app. Make sure shipper paperwork is given to the dock. Please ask staff at dock if you have any questions.,N/A,N/A,You will be asked to fill out a label for each pallet you are dropping off. Pallets MUST be labeled correctly so that they reach the proper destination. Please put the Control # located in the ref field for the shipment on the BOL or on your app. Make sure shipper paperwork is given to the dock. Please ask staff at dock if you have any questions.,DO cut off time M-SU 6pm,EWR,9736480740,EWR@ACCELERATEDUSA.COM,Pedro Campos,N/A,pcampos@dispatchewr.com,N/A,No,No,Open 09:00-21:00,Open 09:00-21:00,Open 09:00-21:00,Open 09:00-21:00,Open 09:00-21:00,Open 09:00-21:00,Open 09:00-21:00,N/A
59892,ACCL-DFW,"Warp Cross Dock - Vernon, CA",crossdock,No,"3325 Roy Orr Boulevard, ste 400, Grand Prairie, TX, 75050",N/A,N/A,N/A,N/A,You will be asked to fill out a label for each pallet you are dropping off. Please put the ACCL # located in the ref # for the shipment in your app. Make sure shipper paperwork is given to the dock. It is imperative that these pallets are labeled correctly so that they reach the proper destination. Please ask staff at dock if you have any questions.,DO cutoff 8pm M-F,Aaron Houp,8173100936,DFW@ACCELERATEDUSA.COM,N/A,N/A,N/A,N/A,No,No,Open 08:00-18:00,Open 08:00-18:00,Open 08:00-18:00,Open 08:00-18:00,Open 08:00-18:00,Closed,Closed,N/A
59891,ACCL-DEN,"Warp Cross Dock - Vernon, CA",crossdock,No,"6331 Beach Street, Denver, CO, 80221",N/A,N/A,N/A,N/A,You will be asked to fill out a label for each pallet you are dropping off. Please put the ACCL # located in the ref # for the shipment in your app. Make sure shipper paperwork is given to the dock. It is imperative that these pallets are labeled correctly so that they reach the proper destination. Please ask staff at dock if you have any questions.,N/A,Aaron Houp,3032940900,DEN@ACCELERATEDUSA.COM,N/A,N/A,N/A,N/A,No,No,Open 06:00-16:00,Open 06:00-16:00,Open 06:00-16:00,Open 06:00-16:00,Open 06:00-16:00,Closed,Closed,N/A
59882,ACCL-CLT,"Warp Cross Dock - Vernon, CA",crossdock,No,"4901 Lark Moore Court, ste 1100, Charlotte, NC, 28208",N/A,"You're REQUIRED to fill out a label for every pallet you're dropping off here. If not labeled or labeled incorrectly to where it gets sent to the wrong destination, your rate will be adjusted for mis-delivery. Please make sure to upload a photo OF THE PALLET and provide them with the paperwork. Ask the staff if you have any questions.",N/A,N/A,"You're REQUIRED to fill out a label for every pallet you're dropping off here. If not labeled or labeled incorrectly to where it gets sent to the wrong destination, your rate will be adjusted for mis-delivery. Please make sure to upload a photo OF THE PALLET and provide them with the paperwork. Ask the staff if you have any questions.","Same Day Linehaul Cutoff: 12pm
 Drop Off Cut Off Time: 7pm",Jon Schwerdtfeger,7043570990,CLT@ACCELERATEDUSA.COM,N/A,N/A,N/A,N/A,No,No,Open 08:00-18:00,Open 08:00-18:00,Open 08:00-18:00,Open 08:00-18:00,Open 08:00-18:00,Closed,Closed,N/A
59879,ACCL-CMH,"Warp Cross Dock - Vernon, CA",crossdock,No,"640 North Cassady Avenue, Columbus, OH, 43219",N/A,"You're REQUIRED to fill out a label for every pallet you're dropping off here. If not labeled or labeled incorrectly to where it gets sent to the wrong destination, your rate will be adjusted for mis-delivery. Please make sure to upload a photo OF THE PALLET and provide them with the paperwork. Ask the staff if you have any questions.",N/A,N/A,"You're REQUIRED to fill out a label for every pallet you're dropping off here. If not labeled or labeled incorrectly to where it gets sent to the wrong destination, your rate will be adjusted for mis-delivery. Please make sure to upload a photo OF THE PALLET and provide them with the paperwork. Ask the staff if you have any questions.","Same Day Linehaul Cutoff: 12pm
 Drop Off Cut Off Time: 3pm",Rick Webster,8592823200,CMH@ACCELERATEDUSA.COM,N/A,N/A,N/A,N/A,No,No,Open 07:00-17:00,Open 07:00-17:00,Open 07:00-17:00,Open 07:00-17:00,Open 07:00-17:00,Closed,Closed,N/A
59878,ACCL-BWI,"Warp Cross Dock - Vernon, CA",crossdock,No,"7466 Candlewood Road, ste b, Anne Arundel County, MD, 21076",N/A,"You're REQUIRED to fill out a label for every pallet you're dropping off here. If not labeled or labeled incorrectly to where it gets sent to the wrong destination, your rate will be adjusted for mis-delivery. Please make sure to upload a photo OF THE PALLET and provide them with the paperwork. Ask the staff if you have any questions.",N/A,N/A,"You're REQUIRED to fill out a label for every pallet you're dropping off here. If not labeled or labeled incorrectly to where it gets sent to the wrong destination, your rate will be adjusted for mis-delivery. Please make sure to upload a photo OF THE PALLET and provide them with the paperwork. Ask the staff if you have any questions.","Same Day Linehaul Cutoff: 6pm
 Drop Off Cut Off Time: 6pm",Oscar Batres,4107661716,IAD@ACCELERATEDUSA.COM,N/A,N/A,N/A,N/A,No,No,Open 08:00-18:00,Open 08:00-18:00,Open 08:00-18:00,Open 08:00-18:00,Open 08:00-18:00,Closed,Closed,N/A
59875,ACCL-AUS,"Warp Cross Dock - Vernon, CA",crossdock,No,"590 Greenhill Drive, Round Rock, TX, 78665",N/A,"You're REQUIRED to fill out a label for every pallet you're dropping off here. If not labeled or labeled incorrectly to where it gets sent to the wrong destination, your rate will be adjusted for mis-delivery. Please make sure to upload a photo OF THE PALLET and provide them with the paperwork. Ask the staff if you have ANY questions.",N/A,N/A,"You're REQUIRED to fill out a label for every pallet you're dropping off here. If not labeled or labeled incorrectly to where it gets sent to the wrong destination, your rate will be adjusted for mis-delivery. Please make sure to upload a photo OF THE PALLET and provide them with the paperwork. Ask the staff if you have ANY questions.","Same Day Linehaul Cutoff Time: 2pm
 Drop Off Cut Off Time: 5pm",Aaron Houp,5129339060,AUS@ACCELERATEDUSA.COM,N/A,N/A,N/A,N/A,No,No,Open 08:00-18:00,Open 08:00-18:00,Open 08:00-18:00,Open 08:00-18:00,Open 08:00-18:00,Closed,Closed,N/A
59874,ACCL-ATL,"Warp Cross Dock - Vernon, CA",crossdock,No,"105 Southfield Parkway, Forest Park, GA, 30297",N/A,"Please come to the window and present the CONTROL # listed on the BOL or on the app. If you're told it's not on hand, ASK TO SPEAK WITH DENNIS OR JIM to ensure a thorough dock check is completed.",N/A,N/A,"You're REQUIRED to fill out a label for every pallet you're dropping off here. If not labeled or labeled incorrectly to where it gets sent to the wrong destination, your rate will be adjusted for mis-delivery. Please make sure to upload a photo OF THE PALLET and provide them with the paperwork. Ask the staff if you have ANY questions.","Same Day Linehaul Cutoff: 12pm
 Drop Off Cut Off Time: 6pm
 Only takes deliveries on the weekend",Main Dock,4047656400,ATL@ACCELERATEDUSA.COM,Jim Warren (Manager),6782156497,jim@acceleratedusa.com,N/A,No,No,Open 06:00-18:00,Open 06:00-18:00,Open 06:00-18:00,Open 06:00-18:00,Open 06:00-18:00,Open 06:00-18:00,Open 09:00-18:00,N/A
59851,WTCH-BOS-1-updated,Gopuff,crossdock,No,"11 York Avenue, Randolph, MA, 02368",N/A,N/A,N/A,N/A,N/A,N/A,N/A,N/A,N/A,N/A,N/A,N/A,N/A,Yes,No,Open - Missed time,Open - Missed time,Open - Missed time,Open - Missed time,Open - Missed time,Open - Missed time,Closed,N/A
59008,WTCH-BNA-1,"Gopuff
 Back to the Roots, Inc",crossdock,No,"704 12th Street / 291 11th Avenue GPS, 704 12th Avenue, Smyrna, TN, 37167",N/A,N/A,N/A,N/A,Gopuff: GFC Cartage Is the business name. Look for gated fence with logo on to drive straight back to find dock high doors.,Gopuff: GFC Cartage Business,Max Benton,6156422124,bentonmax@yahoo.com,Max,5802433639,N/A,N/A,No,No,Open 07:00-15:00,Open 07:00-15:00,Open 07:00-15:00,Open 07:00-15:00,Open 07:00-15:00,Closed,Closed,N/A
58841,WTCH-SCK-1,Gopuff,crossdock,No,"1111 Navy Drive, Stockton, CA, 95206",N/A,N/A,N/A,N/A,N/A,Power Lane Logistics,Anthony,2099199818,anthony@powerlanelogistics.com,Agnes,2098647319,agnes.d@powerlanelogistics.com,N/A,Yes,No,Open 04:30-18:30,Open 04:30-18:30,Open 04:30-18:30,Open 04:30-18:30,Open 04:30-18:30,Closed,Closed,N/A
58661,WTCH-TPA-2,"Warp Cross Dock - Vernon, CA",crossdock,No,"1841 Massaro Boulevard, Tampa, FL, 33619",N/A,"Location Name: Browning Moving & Storage
 

 Come into the dispatch office and check-in with April or Jerry.",N/A,N/A,"Location Name: Browning Moving & Storage
 

 Come into the dispatch office and check-in with April or Jerry.",N/A,April Snow,8135446683,aprils@browningmoving.com,Jerry Gregory,8135446683,jerryg@browningmoving.com,N/A,No,No,Open 07:30-17:30,Open 07:30-17:30,Open 07:30-17:30,Open 07:30-17:30,Open 07:30-17:30,Closed,Closed,N/A
57687,WTCH-IND-1,"Warp Cross Dock - Vernon, CA",crossdock,No,"5150 Decatur Boulevard, suite d, Indianapolis, IN, 46241",N/A,N/A,Please note warehouse operating hours are flexible. RCS CARRIER,N/A,N/A,N/A,Charles Gilbert,4638957770,cgilbert@precision-fg.com,Sarah Supinger,3177462283,ssupinger@precision-fg.com,N/A,Yes,No,Open 07:30-16:30,Open 07:30-16:30,Open 07:30-16:30,Open 07:30-16:30,Open 07:30-16:30,Closed,Closed,N/A
57643,WTCH-BDL-1,"Warp Cross Dock - Vernon, CA",crossdock,No,"110 Murphy Road, Hartford, CT, 06114",N/A,"When arriving at the location, we are at the end of the building next to the airport. There will be a sign stating ‘Avant.’
 

 The phone number for the facility: is 860-296-1005",N/A,N/A,"When arriving at the location, we are at the end of the building next to the airport. There will be a sign stating ‘Avant.’
 

 The phone number for the facility: is 860-296-1005",N/A,Scott Vierira,8608301400,scottv@netzerolog.com,Shawnea Rogers,8608301400,shawnear@avantservices.com,N/A,No,No,Open 10:00-18:00,Open 10:00-18:00,Open 10:00-18:00,Open 10:00-18:00,Open 10:00-18:00,Closed,Closed,N/A
57626,WTCH-ATL-3,"Warp Cross Dock - Vernon, CA",crossdock,No,"4441 Sentry Drive, Tucker, GA, 30084",N/A,N/A,N/A,N/A,N/A,N/A,Oksana Saviuk,4705056911,avdispatch.ga@gmail.com,Alex Fedoruk,4045787622,alexfedoruk79@gmail.com,N/A,Yes,No,Open 07:30-18:30,Open 07:30-18:30,Open 07:30-18:30,Open 07:30-18:30,Open 07:30-18:30,Closed,Closed,N/A
53640,WTCH-MCO-2,"Warp Cross Dock - Vernon, CA",crossdock,No,"603 West Landstreet Road, Orlando, FL, 32824",N/A,"Pull into ""Sorenson Moving & Storage""
 

 Please bring WARP BOL for expedited PU",N/A,N/A,"Pull into ""First Class Moving""
 

 Please bring WARP BOL for expedited PU",N/A,N/A,3522140834,warp@sorensenmovers.com,Sean Stradtner,3214194352,sstradtner@sorensenmovers.com,N/A,No,No,Open 07:30-17:00,Open 07:30-17:00,Open 07:30-17:00,Open 07:30-17:00,Open 07:30-17:00,Closed,Closed,N/A
50718,WTCH-YYC-1,"Warp Cross Dock - Vernon, CA",crossdock,No,"2355 52 Avenue Southeast, unit 17, Calgary, AB, T2C 4X7",N/A,N/A,N/A,N/A,N/A,N/A,Cam,5878344847,warehouse@8balllogistics.com,N/A,N/A,N/A,N/A,No,No,Open 07:30-17:30,Open 07:30-17:30,Open 07:30-17:30,Open 07:30-17:30,Open 07:30-17:30,Closed,Closed,N/A
40703,WTCH-YVR-1,AESOP,crossdock,No,"9410 River Road, suite 140, Delta, BC, V4G 1B5",N/A,N/A,N/A,N/A,N/A,N/A,Vancouver UCANTRADE,3603806900,vancouver@ucantrade.com,N/A,N/A,N/A,N/A,Yes,No,Open 07:30-16:30,Open 07:30-16:30,Open 07:30-16:30,Open 07:30-16:30,Open 07:30-16:30,Closed,Closed,N/A
39070,WTCH-PDX-1,"Warp Cross Dock - Vernon, CA",crossdock,No,"5505 Southeast Mallard Way, Milwaukie, OR, 97222",N/A,Call - (503) 656-1852,N/A,N/A,call - (503) 656-1852,N/A,Lou Anne Hall,5036561852,orders@americanwhse.com,Daniel Sandel,5036561852,daniel@americanwhse.com,N/A,Yes,No,Open 08:00-16:30,Open 08:00-16:30,Open 08:00-16:30,Open 08:00-16:30,Open 08:00-16:30,Closed,Closed,N/A
38904,WTCH-MCI-1,"Warp Cross Dock - Vernon, CA
 Back to the Roots, Inc",crossdock,No,"3177 Mercier Street, Kansas City, MO, 64111",N/A,"Warp Cross Dock - Vernon, CA: Call - 816-274-7023",N/A,N/A,"Warp Cross Dock - Vernon, CA: Call - 816-274-7023",N/A,Superior Moving,8164711662,Ebrewer@superiormoving.com,Donna Cobbler,7042935739,Dcobbler@rcsmoving.com,N/A,Yes,No,Open 08:00-15:00,Open 08:00-15:00,Open 08:00-15:00,Open 08:00-15:00,Open 08:00-15:00,Closed,Closed,N/A
38903,WTCH-SLC-3,WARP,crossdock,No,"2275 South 900 West, South Salt Lake, UT, 84119",N/A,Call - 801-974-7830,N/A,N/A,Call - 801-974-7830,N/A,Jayden Pettigrew,8019747834,jpettigrew@mesamoving.com,Nicholas Edmondson,8019747852,NEdmondson@mesamoving.com,N/A,Yes,No,Open 09:00-16:00,Open 09:00-16:00,Open 09:00-16:00,Open 09:00-16:00,Open 09:00-16:00,Closed,Closed,N/A
38902,WTCH-CLT-1,"Warp Cross Dock - Vernon, CA",crossdock,No,"10240 Western Ridge Road, Charlotte, NC, 28273",N/A,"Call - 704-831-7250
 925 550 1269",N/A,N/A,Call - 704-831-7250,N/A,Ed Fajardo,3178338489,Efajardo@rcsmoving.com,Donna Cobbler,7042935739,Dcobbler@rcsmoving.com,N/A,Yes,No,Open 07:30-16:00,Open 07:30-16:00,Open 07:30-16:00,Open 07:30-16:00,Open 07:30-16:00,Closed,Closed,N/A
38255,WTCH-SAT-2,"Warp Cross Dock - Vernon, CA",crossdock,No,"4520 Tejasco, San Antonio, TX, 78218",N/A,"Once the drivers have arrived, please have them get with one of the warehouse associates on site.
 Ether dropping off or picking up, please have drivers provide a BOL and or Warp I.D.# to reference from for a smooth and accurate inbound and outbound transaction.",N/A,N/A,"Once the drivers have arrived, please have them get with one of the warehouse associates on site.
 Ether dropping off or picking up, please have drivers provide a BOL and or Warp I.D.# to reference from for a smooth and accurate inbound and outbound transaction.",N/A,John Gutierrez,2107059201,Jgutierrez@hotshotfinalmile.com,Chris Andreen,2106932268,candreen@hotshotfinalmile.com,N/A,Yes,No,Open 07:00-17:00,Open 07:00-17:00,Open 07:00-17:00,Open 07:00-17:00,Open 07:00-17:00,Closed,Closed,N/A
32841,WTCH-SAN-2,"Warp Cross Dock - Vernon, CA",crossdock,No,"12455 Kerran Street, 300, Poway, CA, 92064",N/A,N/A,N/A,N/A,N/A,N/A,Brian Holtcamp,6198600300,warehouseSD@fulex.com,Brian Holtcamp,6198600300,brian@fulex.com,N/A,No,No,Open 07:30-16:30,Open 07:30-16:30,Open 07:30-16:30,Open 07:30-16:30,Open 07:30-16:30,Closed,Closed,N/A
28352,WTCH-ORD-1,"Warp Cross Dock - Vernon, CA",crossdock,No,"720 East Green Street, Bensenville, IL, 60106",N/A,N/A,N/A,N/A,N/A,N/A,Dale Kaplan,3123003416,dale@goforwardlog.com,Victor (Overnight Manager),3124095205,victor@goforwardlog.com,N/A,Yes,No,Open 08:30-16:30,Open 08:30-16:30,Open 08:30-16:30,Open 08:30-16:30,Open 08:30-16:30,Closed,Closed,N/A
23187,WTCH-MIA-2,"Priority1
 Warp Cross Dock - Vernon, CA",crossdock,No,"20600 Northwest 47th Avenue, Miami Gardens, FL, 33055",N/A,"Pick-up Instructions For Drivers: Go to door # 3 for instructions on what door to park in for offloading/loading
 Warp Cross Dock - Vernon, CA: Pick-up Instructions For Drivers: Go to door # 3 for instructions on what door to park in for offloading/loading
 

 Priority1: Pick-up Instructions For Drivers: Go to door # 3 for instructions on what door to park in for offloading/loading",N/A,N/A,"Delivery Instructions For Drivers: Go to door # 3 for instructions on what door to park in for offloading/loading
 Warp Cross Dock - Vernon, CA: Delivery Instructions For Drivers: Go to door # 3 for instructions on what door to park in for offloading/loading
 

 Priority1: Delivery Instructions For Drivers: Go to door # 3 for instructions on what door to park in for offloading/loading",N/A,Mo,7866470628,receivingdock@glwhso.com,Tom Schirding,3053004185,tom@glwhso.com,N/A,Yes,No,Open 08:00-17:00,Open 08:00-17:00,Open 08:00-17:00,Open 08:00-17:00,Open 08:00-17:00,Open - Missed time,Open - Missed time,N/A
23071,WTCH-IAH-2,"Warp Cross Dock - Vernon, CA",crossdock,No,"1297 North Post Oak Road, suite 100, Houston, TX, 77055",N/A,"First come, first serve 9am-3pm","First come, first serve 9am-3pm",N/A,"First come, first serve 9am-3pm","First come, first serve 9am-3pm",William Martinez,7138695525,mwilliam@hotshots.com,Joseph Perez,8329881371,Jperez@hotshotfinalmile.com,N/A,Yes,No,Open 09:00-15:00,Open 09:00-15:00,Open 09:00-15:00,Open 09:00-15:00,Open 09:00-15:00,Closed,Closed,N/A
16885,WTCH-MCO-1,Gopuff,crossdock,No,"1401 Tradeport Drive, suite 100, Orlando, FL, 32824",N/A,Go to man door between doors 10&11 for check in (ring doorbell). Call 833-222-6256 Hilary or Maria,"150,000 SQFT
 

 20 Doors
 

 3 Parcel Doors
 

 1 ramp",N/A,Go to man door between doors 10&11 for check in (ring doorbell). Call 833-222-6256 Hilary or Maria,"150,000 SQFT
 

 20 Doors
 

 3 Parcel Doors
 

 1 ramp",Hilary,8332226256,Hilary@makofreight.com,Maria,8332226256,Maria@makofreight.com,N/A,Yes,No,Open 07:30-17:00,Open 07:30-17:00,Open 07:30-17:00,Open 07:30-17:00,Open 07:30-17:00,Closed,Closed,N/A
16784,WTCH-RDU-1,Gopuff,crossdock,No,"3921 South Miami Boulevard, suite 100, Durham, NC, 27703",N/A,"Schedule Pickup/Delivery With Gabriel/Julio
 Gabriel Michel 413-885-3461
 Julio Baca 919-434-8949","6 Doors
 

 Schedule Pickup/Delivery With Gabriel/Julio
 Gabriel Michel 413-885-3461
 Julio Baca 919-434-8949",N/A,"Schedule Pickup/Delivery With Gabriel/Julio
 Gabriel Michel 413-885-3461
 Julio Baca 919-434-8949","6 Doors
 

 Schedule Pickup/Delivery With Gabriel/Julio
 Gabriel Michel 413-885-3461
 Julio Baca 919-434-8949",Gabriel Michel,4138853461,N/A,Julio Baca,9194348949,N/A,N/A,Yes,No,Open 07:30-17:30,Open 07:30-17:30,Open 07:30-17:30,Open 07:30-17:30,Open 07:30-17:30,Closed,Closed,N/A
13786,WTCH-SEA-1,"Warp Cross Dock - Vernon, CA",crossdock,No,"2302 West Valley Highway North, building b 500, Auburn, WA, 98001",N/A,"Location Name: UCANTRADE
 

 Call For Checkin: (206) 309-9400","Please provide a minimum of 24 hours prior notice by contacting operations@ucantrade.com
 

 Dock Doors: 19
 Ramps: 6",N/A,"Location Name: UCANTRADE
 

 Call For Checkin: (206) 309-9400","Please provide a minimum of 24 hours prior notice by contacting operations@ucantrade.com
 

 Dock Doors: 19
 Ramps: 6",Francisco Navarro,2063099400,operations@ucantrade.com,Mikell Everette,2532660336,mikell@ucantrade.com,N/A,Yes,No,Open 08:30-16:00,Open 08:30-16:00,Open 08:30-16:00,Open 08:30-16:00,Open 08:30-16:00,Closed,Closed,N/A
11517,WTCH-PHX-1,"Warp Cross Dock - Vernon, CA
 Gopuff",crossdock,No,"10206 West Van Buren Street, Tolleson, AZ, 85353",N/A,N/A,N/A,N/A,N/A,N/A,Anthony (MAIN),6232031246,anthony@cosicllc.com,Slobo Vitorovic,6023775175,Slobo@cosicllc.com,N/A,Yes,No,Open 07:30-16:30,Open 07:30-16:30,Open 07:30-16:30,Open 07:30-16:30,Open 07:30-16:30,Closed,Closed,N/A
10008,WTCH-DTW-1,"Warp Cross Dock - Vernon, CA",crossdock,No,"13038 Pauline Drive, Shelby Township, MI, 48315",N/A,"Location Name: Palogix Supply Chain Services
 The dock requires 24-hour notice.",The dock requires 24-hour notice.,N/A,"Location Name: Palogix Supply Chain Services
 The dock requires 24-hour notice.",The dock requires 24-hour notice.,Marvin Rons,2487190978,Marvin@palogix.com,Scott Bright,7345899556,sbright@palogix.com,N/A,Yes,No,Open 07:30-16:30,Open 07:30-16:30,Open 07:30-16:30,Open 07:30-16:30,Open 07:30-16:30,Closed,Closed,N/A
5594,WTCH-BOS-1,"Warp Cross Dock - Vernon, CA",crossdock,Yes,"40 Robbie Road, Avon, MA, 02322",N/A,"Location Name: Tighe Logistics
 Customer/Carrier must call @Maria Ferreira (401) 439-5747 to schedule appointments. Once set, the driver must report within the stated pickup/delivery window, providing the appointment # to the receiving clerk. The driver will be assigned a dock location. Upon completion of load/unload, the driver will inspect the trailer and be provided with paperwork and a seal.","Appointment Required:
 Please include these emails when contacting this dock: 
 sfelder@tighe-co.com
 avonclerk@tighe-co.com
 

 Maria Ferreira
 

 mferreira@tighe-co.com
 

 (401) 439-5747",N/A,"Location Name: Tighe Logistics
 Customer/Carrier must call @Maria Ferreira (401) 439-5747 to schedule appointments. Once set, the driver must report within the stated pickup/delivery window, providing the appointment # to the receiving clerk. The driver will be assigned a dock location. Upon completion of load/unload, the driver will inspect the trailer and be provided with paperwork and a seal.","Appointment Required:
 Maria Ferreira
 

 mferreira@tighe-co.com
 

 (401) 439-5747",Billy Logan,5086383771,wlogan@tighe-co.com,Max Mahaffa,9494127693,mmahaffa@tighe-co.com,N/A,Yes,No,Open 07:30-14:30,Open 07:30-14:30,Open 07:30-14:30,Open 07:30-14:30,Open 07:30-14:30,Closed,Closed,No
4101,WTCH-OAK-1,"Warp Cross Dock - Vernon, CA",crossdock,No,"23751 Eichler Street, Hayward, CA, 94545",N/A,"Location Name: Orion Logistics
 ASN RQUIRED FOR FTL DELIVERIES - Driver check in in Front office next to Door # 1",N/A,N/A,"Location Name: Orion Logistics
 ASN RQUIRED FOR FTL DELIVERIES - Driver check in in Front office next to Door # 1",N/A,Mario Zancanaro,5109709910,orders@orionlog.com,Jason Ramos,5109709910,orders@orionlog.com,N/A,Yes,No,Open 08:30-16:00,Open 08:30-16:00,Open 08:30-16:00,Open 08:30-16:00,Open 08:30-16:00,Closed,Closed,N/A